{
  "epoch": 75,
  "raw_data": {
    "gumbel_true": {
      "sharpness_means": [
        0.004335746169090271,
        0.005018387455493212,
        0.004775085020810366,
        0.009169425815343857,
        0.005061765667051077,
        0.0037529151886701584,
        0.0037567070685327053,
        0.004369073547422886,
        0.004434668924659491,
        0.003907383885234594,
        0.005869605578482151,
        0.00364104681648314,
        0.00478012440726161,
        0.004200020805001259,
        0.003860871773213148,
        0.003630878170952201,
        0.005078274756669998,
        0.004161410499364138,
        0.004672933369874954,
        0.005571162328124046,
        0.0036795258056372404,
        0.005020515527576208,
        0.0037352549843490124,
        0.0053717526607215405,
        0.005352079402655363,
        0.00442301481962204,
        0.0038566887378692627,
        0.004784232471138239,
        0.004295822232961655,
        0.00418845284730196,
        0.004522952251136303,
        0.0042464761063456535,
        0.005344584118574858,
        0.003563893958926201,
        0.002848547650501132,
        0.0037276213988661766,
        0.004622198175638914,
        0.004015801940113306,
        0.004353709984570742,
        0.004995509050786495,
        0.0030022875871509314,
        0.0034475524444133043,
        0.0059630246832966805,
        0.004215216264128685,
        0.004756655544042587,
        0.0042592985555529594,
        0.0035701149608939886,
        0.003965614829212427,
        0.003856385825201869,
        0.004192291293293238,
        0.003317947732284665,
        0.003873373381793499,
        0.003179212799295783,
        0.0037822024896740913,
        0.0024941246956586838,
        0.0035336597356945276,
        0.0028986134566366673,
        0.003738644067198038,
        0.004839244298636913,
        0.004129601176828146,
        0.004648823291063309,
        0.002573735546320677,
        0.006597112398594618,
        0.004367335233837366,
        0.004787751939147711,
        0.002619741018861532,
        0.002043989486992359,
        0.002734814304858446,
        1.3553832500790008e-09,
        0.002377513563260436,
        0.0051824129186570644,
        0.004400468897074461,
        5.920135208725696e-07,
        0.004747967701405287,
        0.004768950864672661,
        0.005339842289686203,
        0.006225233897566795,
        0.0024564366322010756,
        0.0048085665330290794,
        0.005578617099672556,
        0.0024228489492088556,
        0.0029329436365514994,
        0.005722555331885815,
        0.002527458593249321,
        0.0034667442087084055,
        0.00230554211884737,
        0.0021631831768900156,
        0.002731793560087681,
        0.004987471736967564,
        0.0017115245573222637,
        0.00628292141482234,
        0.0024708472192287445,
        0.005450889468193054,
        0.00463136425241828,
        0.00414362782612443,
        0.005001089069992304,
        0.0027462290599942207,
        0.0053360178135335445,
        0.003837183816358447,
        0.0017686509527266026,
        0.004214575048536062,
        0.00673293974250555,
        0.00535985641181469,
        2.093191220353674e-08,
        0.0018019404960796237,
        0.0026404920499771833,
        0.002155471360310912,
        0.006030547898262739,
        0.004799454472959042,
        0.001554175280034542,
        0.004703254904597998,
        0.002211554441601038,
        0.004939217120409012,
        0.003191745840013027,
        0.0035055389162153006,
        0.0041849915869534016,
        0.0027168288361281157,
        0.003908324521034956
      ],
      "sharpness_stds": [
        0.04473468288779259,
        0.0478367954492569,
        0.04689212888479233,
        0.06650533527135849,
        0.048414330929517746,
        0.040952395647764206,
        0.04123696684837341,
        0.044995326548814774,
        0.04464707523584366,
        0.042471881955862045,
        0.051859285682439804,
        0.04109179601073265,
        0.046156395226716995,
        0.044081997126340866,
        0.04268229752779007,
        0.0403117910027504,
        0.048298146575689316,
        0.044136885553598404,
        0.04592419043183327,
        0.050407666712999344,
        0.04038384184241295,
        0.04850306361913681,
        0.03989282622933388,
        0.05019700899720192,
        0.04914814606308937,
        0.044875308871269226,
        0.04204772040247917,
        0.04718936234712601,
        0.043895285576581955,
        0.0442846342921257,
        0.04539135843515396,
        0.04433707892894745,
        0.049732089042663574,
        0.041134871542453766,
        0.03586984798312187,
        0.04129154607653618,
        0.04632670059800148,
        0.04301765188574791,
        0.04508635401725769,
        0.04359158128499985,
        0.036478884518146515,
        0.03786855190992355,
        0.05094001442193985,
        0.042866695672273636,
        0.04671483486890793,
        0.044363681226968765,
        0.040222667157649994,
        0.042332328855991364,
        0.042298030108213425,
        0.044241227209568024,
        0.03901885449886322,
        0.04297024756669998,
        0.03748191520571709,
        0.04197340086102486,
        0.03371502459049225,
        0.0399375781416893,
        0.03533007949590683,
        0.04167133942246437,
        0.046821340918540955,
        0.043447110801935196,
        0.04613480344414711,
        0.034271642565727234,
        0.05447510629892349,
        0.044664572924375534,
        0.046615324914455414,
        0.034455180168151855,
        0.03092668391764164,
        0.03596239164471626,
        1.3553075461913977e-07,
        0.03317342326045036,
        0.048538945615291595,
        0.04483024403452873,
        5.9198391682002693e-05,
        0.04688030108809471,
        0.046993762254714966,
        0.049599308520555496,
        0.05364849790930748,
        0.03434799239039421,
        0.04651444032788277,
        0.05047069489955902,
        0.033810850232839584,
        0.036727797240018845,
        0.05170082673430443,
        0.03317851200699806,
        0.039104703813791275,
        0.03255857527256012,
        0.031629014760255814,
        0.035656463354825974,
        0.04797488823533058,
        0.028377912938594818,
        0.05410221591591835,
        0.033405255526304245,
        0.051138412207365036,
        0.04616006091237068,
        0.04345867410302162,
        0.04812833294272423,
        0.03498968854546547,
        0.04980919882655144,
        0.04205555468797684,
        0.028261367231607437,
        0.043855950236320496,
        0.05561421811580658,
        0.049497075378894806,
        1.9230453744967235e-06,
        0.02772262506186962,
        0.03477902337908745,
        0.03190629184246063,
        0.05205990746617317,
        0.048123981803655624,
        0.026875609531998634,
        0.04650774970650673,
        0.03151266276836395,
        0.047522805631160736,
        0.03818325325846672,
        0.038230497390031815,
        0.04472547769546509,
        0.03455709293484688,
        0.042259786278009415
      ]
    },